{"cameraMode":{"drawMode":0,"name":"Shaded","section":"Shading Mode"},"sceneLighting":true,"audioPlay":false,"sceneViewState":{"m_AlwaysRefresh":false,"showFog":true,"showSkybox":true,"showFlares":true,"showImageEffects":true,"showParticleSystems":true,"showVisualEffectGraphs":true,"m_FxEnabled":true},"in2DMode":false,"pivot":{"x":0.0371461845934391,"y":-0.03318070247769356,"z":0.9581753015518189},"rotation":{"x":0.06261784583330155,"y":0.03202946111559868,"z":0.002011634176596999,"w":-0.9975273609161377},"size":0.050231676548719409,"orthographic":false}